{"5606wT1qKchqcdbN9uFQ1g==":"new%20pic-445x295.png","aRFoasth/KY9ctw2dSXVPQ==":"ikaria-lean-belly-juice-1.webp","B+hWEds1qf1F01IrOWZ7wQ==":"screenshot_2023-05-03_at_2.33.15_pm-removebg-preview-614x407.png","ZEA2lbRq1vc5UGr3UL6g7w==":"ikaria-750x387.png","yBz8fZG787hljBGCPN6fAA==":"leanbiome.webp","emOXT9zaWzXojObpJEIOtg==":"new-pic-1-445x295.png","ZBuGfFhMg7hNQISFH5Jc+A==":"screenshot_2023-05-03_at_2.33.15_pm-removebg-preview-1-614x407.png","Ssf+9QIrL9kvgzD47hoU3w==":"studio_project_v0-removebg-preview-500x500.png"}